{
  "WETH": {
    "totalCostUSD": 0.14539946666666667,
    "totalAmount": 0.00005251288626883546
  },
  "WBTC": {
    "totalCostUSD": 0.12572921666666667,
    "totalAmount": 0.0000010588725879748904
  }
}