{
  "WETH": {
    "totalCostUSD": 0.12269973333333334,
    "totalAmount": 0.0000466664024850772
  },
  "WBTC": {
    "totalCostUSD": 0.022699733333333336,
    "totalAmount": 1.9132965841214186e-7
  }
}